chr,pos,ref,alt,seqNum
1,935779,G,A,1
1,1336473,G,C,2
1,1341803,C,T,3
1,1520272,G,T,4
1,1527718,A,G,5
1,1535427,C,T,6
1,1535601,C,T,7
1,2028236,C,T,8
1,2304371,C,T,9
1,2406793,G,A,10
1,2408833,G,C,11
1,3823181,C,T,12
1,3826391,G,A,13
1,3829306,C,T,14
1,3829360,G,A,15
1,3829955,C,A,16
1,3836572,A,T,17
1,5867754,C,T,18
1,6130220,G,A,19
1,6135365,G,A,20
1,6445735,C,T,21
1,6449070,C,T,22
1,6470298,C,A,23
1,6471093,G,T,24
1,7663931,G,A,25
1,7665110,G,A,26
1,7738363,C,T,27
1,8358321,C,T,28
1,8358328,C,T,29
1,8358481,C,T,30
1,8358646,G,A,31
1,8361036,G,A,32
1,8362690,G,A,33
1,8365860,C,T,34
1,9263835,G,A,35
1,9264049,G,A,36
1,9982361,A,G,37
1,10296902,C,T,38
1,10371171,C,G,39
1,10371241,G,A,40
1,10639009,G,C,41
1,10665530,C,T,42
1,11022577,A,G,43
1,11109718,C,T,44
1,11126708,T,G,45
1,11128107,G,C,46
1,11134400,C,T,47
1,11139429,C,A,48
1,11144674,G,A,49
1,11157153,A,G,50
1,11212842,T,C,51
1,11241668,T,C,52
1,11791209,T,A,53
1,11794389,A,G,54
1,11794825,C,T,55
1,11795126,G,A,56
1,11800214,G,A,57
1,11800275,C,T,58
1,11801177,G,C,59
1,11802915,G,A,60
1,11824498,A,G,61
1,11833999,T,C,62
1,11847591,C,T,63
1,11992642,T,C,64
1,11996226,C,T,65
1,11999025,C,G,66
1,12006610,G,T,67
1,12253770,A,G,68
1,12260696,G,A,69
1,12276766,G,A,70
1,12279562,A,T,71
1,12283436,T,A,72
1,12318166,C,T,73
1,12341800,C,T,74
1,12355976,C,T,75
1,13731019,C,T,76
1,15716271,T,C,77
1,15929748,C,T,78
1,15931807,A,G,79
1,15932307,G,A,80
1,15933318,A,G,81
1,15937527,G,C,82
1,16030006,G,A,83
1,16046585,C,A,84
1,16048352,G,A,85
1,16050975,A,G,86
1,16050993,G,A,87
1,16051004,C,T,88
1,16051725,G,A,89
1,16969225,G,A,90
1,17000466,C,T,91
1,17023992,C,T,92
1,17033068,C,T,93
1,17044834,C,G,94
1,18890029,G,A,95
1,19230930,G,A,96
1,19238844,C,T,97
1,19238850,C,G,98
1,19239888,A,G,99
1,19242428,G,T,100
1,19251508,A,C,101
1,20650446,C,T,102
1,21560674,T,C,103
1,21561118,C,T,104
1,21561127,G,A,105
1,21561129,A,G,106
1,21561138,G,A,107
1,21561162,G,T,108
1,21563115,C,A,109
1,21563164,C,A,110
1,21563206,G,A,111
1,21563271,G,A,112
1,21564052,G,A,113
1,21564076,A,G,114
1,21564080,A,G,115
1,21564100,T,C,116
1,21564119,G,A,117
1,21568110,A,G,118
1,21568114,G,C,119
1,21568136,C,A,120
1,21568162,A,G,121
1,21570327,G,T,122
1,21573676,C,A,123
1,21573676,C,T,124
1,21573698,T,C,125
1,21573733,G,A,126
1,21573769,A,G,127
1,21573778,G,C,128
1,21573782,T,G,129
1,21573799,G,T,130
1,21575735,G,A,131
1,21575750,G,A,132
1,21575757,A,G,133
1,21575855,G,A,134
1,21575865,C,T,135
1,21575901,C,A,136
1,21575918,A,G,137
1,21576527,G,T,138
1,21576572,C,A,139
1,21576590,G,A,140
1,21576591,G,C,141
1,21576600,T,C,142
1,21576608,G,A,143
1,21576615,G,A,144
1,21577401,C,T,145
1,21577427,G,A,146
1,21577433,C,T,147
1,21577437,G,A,148
1,21577440,G,A,149
1,21577500,A,C,150
1,21842086,G,A,151
1,21847697,G,A,152
1,21872757,G,A,153
1,21887626,G,A,154
1,23795992,C,T,155
1,23810796,G,T,156
1,23817503,G,C,157
1,23868093,C,T,158
1,24331573,C,G,159
1,25809095,G,A,160
1,25813889,C,T,161
1,26058512,T,C,162
1,26438213,C,T,163
1,26447631,G,A,164
1,26696776,G,A,165
1,26696779,G,A,166
1,26696885,T,C,167
1,26696950,G,A,168
1,26696998,C,T,169
1,26697268,C,T,170
1,26761009,A,G,171
1,26763251,G,A,172
1,26767847,G,A,173
1,26767970,T,C,174
1,26771150,C,A,175
1,26773878,A,G,176
1,26774803,G,A,177
1,26774905,C,G,178
1,26774978,A,G,179
1,26775106,C,G,180
1,26779347,G,A,181
1,26779395,C,T,182
1,26779513,C,T,183
1,26779617,A,T,184
1,26780229,G,A,185
1,26780607,G,A,186
1,26780683,C,T,187
1,27547513,C,T,188
1,27547624,C,T,189